department,day,targeted_productivity,smv,wip,over_time,incentive,idle_time,idle_men,no_of_style_change,no_of_workers,actual_productivity,half
sewing,Weekend,0.75,10.05,629,3240,45,0,0,0,27,0.750027778,Half1
finishing,Weekday,0.75,4.15,0,2160,0,0,0,0,12,0.712626263,Half1
sewing,Weekday,0.8,11.41,843,5670,50,0,0,0,31.5,0.800181818,Half1
sewing,Weekday,0.7,25.31,946,5760,60,0,0,0,54,0.700513566,Half1
sewing,Weekday,0.6,15.28,529,1320,0,0,0,1,46,0.600099145,Half1
finishing,Weekday,0.8,4.08,0,1080,0,0,0,0,9,0.778222222,Half1
sewing,Weekday,0.65,23.41,1262,4560,35,0,0,1,38,0.650962281,Half1
sewing,Weekday,0.8,11.41,968,3660,50,0,0,0,30.5,0.800570492,Half1
sewing,Weekend,0.65,22.52,1138,10170,35,0,0,0,56.5,0.650416734,Half2
sewing,Weekday,0.65,29.4,962,4560,0,4.5,30,2,57,0.251399254,Half2
finishing,Weekday,0.75,3.94,0,960,0,0,0,0,8,0.755166667,Half1
finishing,Weekend,0.8,3.94,0,960,0,0,0,0,8,0.771583333,Half1
finishing,Weekday,0.75,2.9,0,1800,0,0,0,0,15,0.726933333,Half2
finishing,Weekend,0.8,4.6,0,1080,0,0,0,0,9,0.945555556,Half1
sewing,Weekday,0.8,11.61,972,5670,38,0,0,0,31.5,0.800246753,Half1
sewing,Weekday,0.75,28.08,681,6900,45,0,0,0,57.5,0.750427826,Half1
sewing,Weekday,0.75,18.79,1228,6240,45,0,0,0,52,0.750395513,Half1
finishing,Weekday,0.35,2.9,0,1800,0,0,0,0,15,0.977555556,Half2
sewing,Weekend,0.8,48.68,171,10620,63,0,0,0,59,0.800117103,Half2
sewing,Weekday,0.8,29.12,14,6960,0,0,0,0,58,0.497885057,Half1
finishing,Weekend,0.8,3.94,0,6000,0,0,0,0,20,0.911589744,Half1
sewing,Weekday,0.65,12.52,1004,9540,44,0,0,0,53,0.64998056,Half1
sewing,Weekend,0.65,20.1,1417,6480,49,0,0,0,54,0.650148148,Half2
sewing,Weekday,0.35,11.41,434,3240,0,0,0,1,52,0.507903226,Half1
sewing,Weekend,0.8,22.52,674,3660,63,0,0,0,57,0.80037492,Half1
finishing,Weekday,0.75,4.08,0,1080,0,0,0,0,9,0.755555556,Half2
sewing,Weekday,0.8,22.52,1300,6780,113,0,0,0,56.5,1.000446018,Half1
sewing,Weekday,0.7,22.94,1006,10170,38,0,0,0,56.5,0.750517565,Half2
finishing,Weekday,0.5,5.13,0,960,0,0,0,0,8,0.2565,Half2
finishing,Weekday,0.75,3.94,0,960,0,0,0,0,8,0.994270833,Half1
finishing,Weekday,0.35,4.15,0,960,0,0,0,0,8,0.703770833,Half1
sewing,Weekend,0.7,30.33,512,4560,0,0,0,1,58,0.700211111,Half2
sewing,Weekday,0.8,29.12,1069,6960,50,0,0,0,58,0.799963218,Half1
finishing,Weekday,0.35,4.3,0,2700,0,0,0,0,8,0.908080808,Half1
sewing,Weekend,0.5,23.41,1379,2280,0,0,0,1,39,0.500528095,Half1
sewing,Weekday,0.5,15.28,261,5520,0,0,0,1,46,0.404144928,Half1
finishing,Weekend,0.7,3.9,0,960,0,0,0,0,8,0.5565625,Half2
finishing,Weekday,0.8,3.94,0,1440,0,0,0,0,2,0.951420455,Half1
finishing,Weekend,0.7,3.9,0,960,0,0,0,0,8,0.585,Half1
sewing,Weekday,0.8,11.41,986,5490,50,0,0,0,30.5,0.800343766,Half1
sewing,Weekday,0.8,15.26,1133,4080,38,0,0,0,34,0.800401961,Half2
sewing,Weekday,0.8,26.16,1156,10620,75,0,0,0,59,0.850502311,Half1
finishing,Weekend,0.35,3.94,0,2400,0,0,0,0,10,0.80575,Half1
sewing,Weekday,0.6,15.09,1519,360,23,0,0,0,52,0.600143365,Half2
sewing,Weekday,0.8,29.4,1156,6840,50,0,0,0,57,0.800333333,Half1
finishing,Weekday,0.8,3.94,0,1440,0,0,0,0,8,0.891723485,Half1
finishing,Weekend,0.8,2.9,0,960,0,0,0,0,8,0.682708333,Half1
finishing,Weekday,0.8,3.94,0,960,0,0,0,0,8,0.64025,Half2
finishing,Weekday,0.75,2.9,0,1800,0,0,0,0,15,0.821666667,Half1
sewing,Weekday,0.8,15.26,1095,4080,63,0,0,0,34,0.800401961,Half2
finishing,Weekday,0.75,2.9,0,960,0,0,0,0,8,0.410833333,Half2
sewing,Weekend,0.65,29.12,1086,10440,26,0,0,0,58,0.650407524,Half2
sewing,Weekend,0.8,11.41,471,3420,50,0,0,0,58,0.800034503,Half1
sewing,Weekend,0.75,30.1,627,6960,0,3.5,20,1,58,0.393548851,Half2
sewing,Weekend,0.8,19.87,1043,6420,0,0,0,0,55,0.690182815,Half1
finishing,Weekend,0.8,2.9,0,960,0,0,0,0,8,0.8319375,Half2
sewing,Weekend,0.7,20.4,1217,10440,50,0,0,0,58,0.700250784,Half2
finishing,Weekday,0.8,3.94,0,1200,0,0,0,0,10,0.85695,Half1
sewing,Weekday,0.35,28.08,749,10260,23,0,0,0,57,0.350066986,Half2
finishing,Weekend,0.8,3.94,0,960,0,0,0,0,8,0.238041667,Half1
finishing,Weekday,0.8,4.6,0,10080,0,0,0,0,24,0.86037037,Half1
finishing,Weekday,0.35,4.3,0,2160,0,0,0,0,12,0.952020202,Half1
sewing,Weekday,0.65,26.66,832,6780,55,0,0,0,57,0.750254867,Half1
finishing,Weekday,0.8,4.6,0,3780,0,0,0,0,9,0.590617284,Half2
sewing,Weekday,0.5,15.26,1352,3720,23,0,0,0,34,0.500290419,Half2
sewing,Weekend,0.7,22.52,1002,10080,40,0,0,0,56,0.700094156,Half2
finishing,Weekday,0.75,3.94,0,1440,0,0,0,0,8,0.805909091,Half1
finishing,Weekday,0.7,3.94,0,1440,0,0,0,0,12,0.75885,Half1
sewing,Weekend,0.75,30.1,481,7140,0,0,0,1,59,0.750392157,Half1
finishing,Weekend,0.75,3.94,0,1440,0,0,0,0,8,0.895454545,Half2
finishing,Weekend,0.75,4.15,0,240,0,0,0,0,2,0.760833333,Half2
finishing,Weekend,0.8,3.94,0,1200,0,0,0,0,10,0.8865,Half1
sewing,Weekday,0.7,18.79,913,4020,30,0,0,0,33.5,0.700184577,Half1
sewing,Weekend,0.75,29.4,792,4560,56,0,0,2,58,0.750425926,Half2
sewing,Weekday,0.7,21.82,1591,3240,0,0,0,1,52,0.700251773,Half2
finishing,Weekend,0.8,5.13,0,4800,0,0,0,0,20,0.8300625,Half2
finishing,Weekend,0.7,3.94,0,1440,0,0,0,0,8,0.970075758,Half2
sewing,Weekday,0.7,29.12,1143,10440,40,0,0,0,58,0.70061442,Half2
finishing,Weekday,0.7,4.15,0,1440,0,0,0,0,8,1.033570076,Half2
finishing,Weekend,0.7,3.94,0,1200,0,0,0,0,10,0.971866667,Half2
finishing,Weekday,0.75,3.94,0,1200,0,0,0,0,10,0.77815,Half2
sewing,Weekday,0.7,30.33,361,3960,30,0,0,1,58,0.700069811,Half2
sewing,Weekday,0.8,29.12,1263,2160,38,0,0,0,58,0.8008,Half1
sewing,Weekend,0.8,29.12,909,6960,50,0,0,0,58,0.799963218,Half1
finishing,Weekday,0.8,4.6,0,6300,0,0,0,0,15,0.902962963,Half1
finishing,Weekday,0.8,3.94,0,3420,0,0,0,0,19,0.953110048,Half2
sewing,Weekday,0.8,28.08,776,10350,63,0,0,0,57.5,0.800594466,Half1
finishing,Weekend,0.8,3.94,0,1440,0,0,0,0,12,0.796208333,Half1
sewing,Weekend,0.75,29.12,1082,6840,81,0,0,0,57,0.850610526,Half2
sewing,Weekday,0.8,28.08,942,10530,75,0,0,0,58.5,0.850181818,Half1
sewing,Weekend,0.7,26.82,1267,8160,70,0,0,0,58,0.850045,Half1
sewing,Weekday,0.8,26.16,1160,10620,75,0,0,0,59,0.850502311,Half2
finishing,Weekday,0.7,4.15,0,2700,0,0,0,0,15,0.362666667,Half2
finishing,Weekday,0.8,5.13,0,1800,0,0,0,0,15,0.5814,Half2
finishing,Weekend,0.75,2.9,0,960,0,0,0,0,8,0.610208333,Half1
sewing,Weekend,0.8,50.48,562,10440,0,0,0,0,58,0.473134796,Half1
finishing,Weekday,0.65,4.15,0,1440,0,0,0,0,8,0.958901515,Half2
sewing,Weekend,0.7,24.26,658,6960,0,270,45,0,58,0.662270115,Half1
finishing,Weekday,0.75,4.08,0,1080,0,0,0,0,9,0.634666667,Half2
sewing,Weekday,0.8,19.87,857,9900,50,0,0,0,55,0.800273829,Half1
sewing,Weekday,0.4,15.28,157,5400,0,6.5,30,1,45,0.30277037,Half1
sewing,Weekday,0.35,22.53,1450,2640,0,0,0,1,39,0.26369382,Half1
finishing,Weekend,0.8,3.94,0,960,0,0,0,0,8,0.971866667,Half2
finishing,Weekday,0.75,3.94,0,960,0,0,0,0,8,0.755166667,Half1
sewing,Weekday,0.75,30.1,739,5640,45,0,0,1,59,0.750727326,Half2
finishing,Weekend,0.7,4.15,0,1440,0,0,0,0,12,0.928680556,Half1
finishing,Weekend,0.75,3.94,0,1560,0,0,0,0,8,0.945277778,Half1
sewing,Weekday,0.7,10.05,1042,6120,60,0,0,0,53,0.700278846,Half1
finishing,Weekday,0.7,2.9,0,720,0,0,0,0,6,0.394722222,Half1
finishing,Weekday,0.8,4.3,0,1440,0,0,0,0,12,0.722638889,Half2
finishing,Weekday,0.8,4.6,0,8400,0,0,0,0,20,0.684888889,Half1
sewing,Weekday,0.6,23.54,958,6600,0,0,0,0,55,0.285333333,Half2
sewing,Weekend,0.7,22.52,882,10170,50,0,0,0,56.5,0.7005417,Half2
sewing,Weekday,0.8,22.52,1416,6840,113,0,0,0,57,1.000230409,Half2
sewing,Weekend,0.7,16.1,928,4800,30,0,0,1,45,0.700106061,Half1
finishing,Weekday,0.8,4.6,0,2640,0,0,0,0,22,0.980984848,Half1
sewing,Weekday,0.8,19.31,678,4800,50,0,0,0,55,0.800250962,Half1
finishing,Weekend,0.75,3.94,0,3420,0,0,0,0,19,0.955151515,Half2
finishing,Weekday,0.7,2.9,0,1800,0,0,0,0,15,0.902222222,Half2
sewing,Weekday,0.7,14.89,1501,10260,50,0,0,0,57,0.700170388,Half2
finishing,Weekend,0.5,4.15,0,1440,0,0,0,0,8,0.609138258,Half1
finishing,Weekday,0.8,2.9,0,960,0,0,0,0,8,0.3715625,Half2
sewing,Weekday,0.7,29.4,1094,6840,40,0,0,2,57,0.700614035,Half2
finishing,Weekday,0.7,3.94,0,12000,0,0,0,0,20,0.460578704,Half2
sewing,Weekday,0.35,14.61,838,7200,23,0,0,0,55,0.35003125,Half1
finishing,Weekday,0.8,4.6,0,1080,0,0,0,0,9,0.92,Half1
sewing,Weekday,0.8,26.16,1179,10620,75,0,0,0,59,0.850502311,Half1
finishing,Weekday,0.8,3.94,0,1440,0,0,0,0,8,0.813371212,Half1
sewing,Weekend,0.8,22.52,1396,6900,113,0,0,0,57.5,1.000671304,Half1
sewing,Weekday,0.75,22.94,1764,10260,55,0,0,0,57,0.800034024,Half2
sewing,Weekday,0.5,22.4,947,3390,23,0,0,0,56.5,0.499980334,Half1
sewing,Weekday,0.75,18.79,1085,6240,56,0,0,1,52,0.970816667,Half2
sewing,Weekday,0.7,30.1,667,5940,40,0,0,1,59.5,0.700588406,Half1
sewing,Weekday,0.8,22.52,1271,5400,50,0,0,0,57,0.800161172,Half1
finishing,Weekday,0.5,2.9,0,960,0,0,0,0,8,0.259375,Half2
sewing,Weekend,0.65,14.89,1140,10260,44,0,0,0,57,0.650299575,Half2
sewing,Weekday,0.65,20.79,1141,8460,0,0,0,0,59,0.650040783,Half1
finishing,Weekend,0.8,4.3,0,1440,0,0,0,0,12,0.845069444,Half1
finishing,Weekend,0.8,4.08,0,1080,0,0,0,0,9,0.800888889,Half1
sewing,Weekday,0.8,15.26,1083,720,38,0,0,0,34,0.800612676,Half1
finishing,Weekend,0.8,3.94,0,960,0,0,0,0,8,0.902916667,Half1
finishing,Weekday,0.8,3.94,0,2160,0,0,0,0,18,0.601944444,Half1
finishing,Weekday,0.8,2.9,0,1440,0,0,0,0,8,0.681060606,Half1
finishing,Weekend,0.8,3.94,0,1200,0,0,0,0,10,0.971866667,Half2
sewing,Weekday,0.7,22.94,1745,10440,60,0,0,0,58,0.800023511,Half2
sewing,Weekend,0.8,22.52,1060,6840,100,0,0,0,57,0.950185965,Half1
finishing,Weekend,0.75,4.15,0,1440,0,0,0,0,8,0.93532197,Half1
finishing,Weekday,0.7,3.94,0,15000,0,0,0,0,25,0.649662222,Half2
finishing,Weekday,0.8,4.6,0,1800,0,0,0,0,15,0.810111111,Half1
sewing,Weekday,0.7,30.33,408,1680,30,0,0,1,59,0.700623,Half2
finishing,Weekend,0.7,2.9,0,3360,0,0,0,0,8,0.410833333,Half2
sewing,Weekday,0.6,20.79,1045,6960,88,0,0,0,58,0.800534483,Half2
sewing,Weekday,0.8,22.52,1016,10170,60,0,0,0,56.5,0.850312684,Half2
sewing,Weekend,0.75,29.4,622,6240,56,0,0,0,57,0.75075,Half1
finishing,Weekend,0.7,5.13,0,960,0,0,0,0,8,0.283958333,Half2
finishing,Weekday,0.8,3.94,0,960,0,0,0,0,8,0.804416667,Half1
sewing,Weekend,0.8,11.61,1009,5640,63,0,0,0,32,0.800537143,Half2
finishing,Weekday,0.8,2.9,0,1440,0,0,0,0,8,0.689299242,Half2
sewing,Weekday,0.5,22.4,783,10170,23,0,0,0,56.5,0.500380799,Half1
sewing,Weekday,0.7,30.33,398,6960,0,0,0,1,58,0.66237931,Half2
sewing,Weekday,0.75,22.94,1868,6960,81,0,0,0,58,0.850362069,Half2
finishing,Weekday,0.8,3.94,0,2640,0,0,0,0,22,0.999924242,Half1
sewing,Weekday,0.5,22.52,1102,10170,30,0,0,0,56.5,0.660683293,Half2
finishing,Weekday,0.7,2.9,0,0,960,0,0,0,8,0.477291667,Half1
sewing,Weekend,0.8,15.26,1064,4080,63,0,0,0,34,0.800401961,Half1
finishing,Weekday,0.75,2.9,0,0,3600,0,0,0,15,0.841,Half1
finishing,Weekday,0.7,2.9,0,3360,0,0,0,0,8,0.410833333,Half2
sewing,Weekday,0.7,30.1,773,7020,40,0,0,0,58,0.700618234,Half1
sewing,Weekend,0.6,12.52,831,9540,30,0,0,0,53,0.600229846,Half1
sewing,Weekend,0.5,23.54,1144,6480,0,0,0,0,54,0.286984568,Half2
finishing,Weekend,0.8,3.94,0,960,0,0,0,0,8,0.6253125,Half1
sewing,Weekday,0.75,11.41,826,2820,0,0,0,2,58,0.750293939,Half2
sewing,Weekend,0.8,25.9,1209,10170,60,0,0,0,56.5,0.850136766,Half1
sewing,Weekday,0.8,30.1,29,7080,50,0,0,0,59,0.800115819,Half1
finishing,Weekday,0.75,4.6,0,3360,0,0,0,0,8,0.702777778,Half1
sewing,Weekend,0.8,22.52,1124,6840,100,0,0,0,57,0.950185965,Half1
sewing,Weekend,0.8,25.9,1039,6780,45,0,0,0,56.5,0.850345133,Half1
finishing,Weekend,0.8,3.94,0,3000,0,0,0,0,25,1.050666667,Half1
finishing,Weekday,0.8,3.94,0,1440,0,0,0,0,12,0.979527778,Half2
sewing,Weekend,0.8,25.9,1138,6720,38,0,0,0,56,0.800125,Half1
finishing,Weekend,0.8,2.9,0,1440,0,0,0,0,8,0.597348485,Half1
finishing,Weekday,0.5,4.15,0,960,0,0,0,0,8,0.864583333,Half2
finishing,Weekend,0.5,2.9,0,960,0,0,0,0,8,0.7975,Half1
sewing,Weekday,0.75,28.08,795,6900,45,0,0,0,57.5,0.753683478,Half1
finishing,Weekend,0.75,4.08,0,1080,0,0,0,0,9,0.971866667,Half2
finishing,Weekday,0.75,3.94,0,1440,0,0,0,0,8,0.779791667,Half1
finishing,Weekend,0.5,3.94,0,3360,0,0,0,0,8,0.768847222,Half2
finishing,Weekday,0.75,2.9,0,1200,0,0,0,0,10,0.8004,Half1
finishing,Weekend,0.75,2.9,0,960,0,0,0,0,8,0.447083333,Half1
sewing,Weekday,0.35,22.94,1450,10080,30,0,0,0,56,0.400332792,Half2
sewing,Weekday,0.8,22.52,21266,6840,70,0,0,0,57,0.90014152,Half1
sewing,Weekday,0.8,11.41,601,0,50,0,0,0,56,0.800701754,Half1
finishing,Weekend,0.8,4.3,0,960,0,0,0,0,8,0.447916667,Half1
finishing,Weekday,0.75,3.94,0,1800,0,0,0,0,10,0.910378788,Half2
finishing,Weekday,0.75,3.94,0,0,960,0,0,0,8,0.7953875,Half1
finishing,Weekday,0.8,2.9,0,1440,0,0,0,0,8,0.648106061,Half1
finishing,Weekday,0.8,3.94,0,2400,0,0,0,0,10,0.733277778,Half2
sewing,Weekday,0.8,30.1,874,3960,50,0,0,0,59,0.800055762,Half1
finishing,Weekday,0.8,4.08,0,1080,0,0,0,0,9,0.272,Half1
sewing,Weekend,0.8,22.52,1534,6780,88,0,0,0,57,0.900135693,Half1
sewing,Weekday,0.7,16.1,957,5400,40,0,0,1,45,0.700051852,Half1
sewing,Weekday,0.65,30.1,326,5820,0,90,10,0,58.5,0.650834808,Half1
sewing,Weekday,0.8,30.1,323,4080,50,0,0,1,59,0.800808642,Half2
finishing,Weekday,0.65,3.9,0,960,0,0,0,0,8,0.560625,Half1
finishing,Weekday,0.8,4.3,0,1200,0,0,0,0,10,0.989,Half2
sewing,Weekend,0.8,25.9,1152,6720,50,0,0,0,56,0.800125,Half1
finishing,Weekday,0.8,4.6,0,2160,0,0,0,0,9,0.922839506,Half1
finishing,Weekday,0.7,3.9,0,960,0,0,0,0,8,0.440375,Half2
sewing,Weekday,0.75,28.08,1209,10530,45,0,0,0,58.5,0.750545455,Half1
finishing,Weekday,0.8,3.94,0,1200,0,0,0,0,10,0.962016667,Half1
sewing,Weekend,0.7,24.26,148,6960,0,0,0,0,58,0.355534483,Half1
finishing,Weekend,0.6,2.9,0,2880,0,0,0,0,12,0.805555556,Half2
sewing,Weekday,0.8,22.94,16882,7020,113,0,0,0,58.5,1.000602279,Half1
sewing,Weekend,0.8,29.4,983,6840,63,0,0,1,57,0.800578947,Half1
finishing,Weekday,0.8,3.94,0,1800,0,0,0,0,10,0.72830303,Half2
finishing,Weekend,0.8,2.9,0,1440,0,0,0,0,8,0.590435606,Half1
finishing,Weekday,0.7,4.15,0,1800,0,0,0,0,15,1.096633333,Half1
finishing,Weekday,0.65,4.15,0,960,0,0,0,0,8,0.561979167,Half1
sewing,Weekday,0.8,11.61,548,15120,63,0,0,0,31.5,0.800107143,Half1
finishing,Weekday,0.8,3.94,0,3840,0,0,0,0,16,0.893663194,Half1
sewing,Weekday,0.8,11.41,668,3660,50,0,0,0,30.5,0.707045902,Half1
sewing,Weekday,0.5,30.33,838,6720,0,0,0,1,56,0.361071429,Half2
finishing,Weekday,0.7,2.9,0,3360,0,0,0,0,8,0.632361111,Half1
finishing,Weekend,0.75,3.94,0,960,0,0,0,0,8,0.890604167,Half1
finishing,Weekend,0.8,4.6,0,3360,0,0,0,0,8,0.350416667,Half1
sewing,Weekday,0.5,29.12,970,10440,30,0,0,0,58,0.500547544,Half2
finishing,Weekend,0.8,3.94,0,1200,0,0,0,0,10,0.971866667,Half2
sewing,Weekday,0.8,22.52,1444,6900,88,0,0,0,57.5,0.9008,Half2
finishing,Weekday,0.75,3.94,0,0,960,0,0,0,8,0.794566667,Half1
sewing,Weekday,0.8,30.1,461,0,0,0,0,0,59,0.800980392,Half2
sewing,Weekend,0.7,29.4,1146,6840,40,0,0,2,57,0.700614035,Half2
sewing,Weekday,0.8,22.52,1088,6720,88,0,0,0,56,0.90012976200000006,Half2
sewing,Weekday,0.8,26.16,1227,7080,75,0,0,0,59,0.850569492,Half1
sewing,Weekend,0.75,18.79,1055,3960,45,0,0,0,33,0.75065101,Half2
finishing,Weekday,0.8,2.9,0,1440,0,0,0,0,8,0.681060606,Half1
finishing,Weekday,0.8,3.94,0,960,0,0,0,0,8,0.676666667,Half1
finishing,Weekend,0.8,3.94,0,1440,0,0,0,0,8,0.846950758,Half1
finishing,Weekday,0.8,5.13,0,1080,0,0,0,0,9,0.9025,Half2
finishing,Weekday,0.8,5.13,0,2160,0,0,0,0,9,0.609583333,Half2
sewing,Weekday,0.8,28.08,783,10050,63,0,0,0,58.5,0.800497246,Half1
finishing,Weekday,0.75,3.94,0,3780,0,0,0,0,21,0.997792208,Half2
sewing,Weekday,0.7,23.41,1180,4560,30,0,0,1,38,0.700246491,Half1
sewing,Weekday,0.8,25.9,1150,10170,70,0,0,0,56.5,0.900144811,Half1
sewing,Weekday,0.8,25.9,1026,10170,60,0,0,0,56.5,0.850136766,Half1
finishing,Weekday,0.8,4.6,0,1080,0,0,0,0,9,0.902962963,Half2
sewing,Weekend,0.5,27.48,609,6840,30,0,0,1,57,0.550403509,Half2
sewing,Weekend,0.8,28.08,782,6660,50,0,0,0,55.5,0.800237838,Half1
finishing,Weekday,0.8,4.15,0,1440,0,0,0,0,8,0.601278409,Half1
sewing,Weekday,0.5,20.79,1455,6960,30,0,0,0,58,0.500035345,Half2
sewing,Weekday,0.65,30.1,909,7080,0,0,0,1,59,0.535677966,Half1
sewing,Weekday,0.5,30.1,1061,6960,30,0,0,1,58,0.393548851,Half1
finishing,Weekday,0.8,3.94,0,1440,0,0,0,0,8,0.858143939,Half1
sewing,Weekday,0.8,15.26,959,4080,50,0,0,0,34,0.800401961,Half1
finishing,Weekday,0.75,4.15,0,1800,0,0,0,0,15,0.722333333,Half2
sewing,Weekend,0.75,22.94,1636,10530,81,0,0,0,58.5,0.850223776,Half2
sewing,Weekend,0.8,11.61,659,7080,50,0,0,0,31.5,0.800148649,Half1
sewing,Weekend,0.75,18.79,670,3960,34,0,0,0,33,0.75065101,Half1
sewing,Weekday,0.75,22.52,1635,6840,119,0,0,0,57,1.000230409,Half2
sewing,Weekend,0.7,28.08,1202,6900,40,0,0,0,57.5,0.699965217,Half1
sewing,Weekday,0.7,21.98,413,9720,40,0,0,0,58,0.700480831,Half1
finishing,Weekday,0.8,3.94,0,4440,0,0,0,0,18,0.827186544,Half1
sewing,Weekday,0.7,30.1,767,3300,50,0,0,1,57,0.790003236,Half1
finishing,Weekday,0.8,4.3,0,1440,0,0,0,0,12,0.5375,Half1
sewing,Weekend,0.8,30.1,922,5820,63,0,0,1,59,0.80000295,Half2
finishing,Weekday,0.6,2.9,0,1200,0,0,0,0,10,0.280333333,Half1
finishing,Weekday,0.8,4.6,0,3780,0,0,0,0,9,0.636049383,Half1
finishing,Weekday,0.7,3.94,0,15000,0,0,0,0,25,0.649662222,Half2
finishing,Weekday,0.5,3.94,0,3360,0,0,0,0,8,0.768847222,Half2
sewing,Weekend,0.75,19.31,513,6480,45,0,0,0,54,0.750348457,Half1
finishing,Weekday,0.35,4.15,0,1440,0,0,0,0,12,0.994375,Half1
sewing,Weekend,0.7,41.19,1052,10440,21,0,0,0,58,0.452012539,Half2
sewing,Weekend,0.8,30.1,450,5700,0,4.5,25,0,60,0.307501459,Half2
sewing,Weekend,0.8,25.9,1158,10170,60,0,0,0,56.5,0.850136766,Half1
finishing,Weekday,0.75,3.94,0,1200,0,0,0,0,10,0.853666667,Half2
finishing,Weekday,0.75,3.94,0,1920,0,0,0,0,8,0.812625,Half1
sewing,Weekday,0.75,22.52,1250,10080,55,0,0,0,56,0.800020563,Half2
sewing,Weekend,0.75,30.1,919,7140,0,0,0,1,59.5,0.598627451,Half2
sewing,Weekday,0.7,22.94,1422,10500,60,0,0,0,57,0.800415742,Half2
finishing,Weekend,0.75,2.9,0,3360,0,0,0,0,8,0.271875,Half2
sewing,Weekday,0.7,26.82,1028,6960,60,0,0,0,58,0.799975862,Half1
finishing,Weekday,0.7,4.6,0,960,0,0,0,0,8,0.791458333,Half2
sewing,Weekday,0.7,22.52,1206,10080,75,0,0,0,56,0.800020563,Half2
sewing,Weekday,0.8,15.26,1062,4080,50,0,0,0,34,0.800401961,Half2
sewing,Weekday,0.8,28.08,757,6900,50,0,0,0,57.5,0.800076522,Half1
sewing,Weekday,0.7,20.4,1480,10440,40,0,0,0,58,0.700250784,Half2
finishing,Weekend,0.7,4.15,0,1800,0,0,0,0,15,0.929277778,Half1
sewing,Weekday,0.8,48.84,1040,10260,30,0,0,0,57,0.576460393,Half2
finishing,Weekday,0.8,3.94,0,1440,0,0,0,0,8,0.858143939,Half2
finishing,Weekend,0.8,3.94,0,1440,0,0,0,0,8,0.858143939,Half1
sewing,Weekend,0.8,11.61,893,4710,50,0,0,0,31.5,0.800346445,Half1
sewing,Weekday,0.8,22.52,1108,6720,113,0,0,0,56,0.999995238,Half1
sewing,Weekday,0.8,25.9,1380,3630,50,0,0,0,56.5,0.800162602,Half2
sewing,Weekday,0.75,19.31,578,6480,45,0,0,0,54,0.712205247,Half1
sewing,Weekend,0.8,26.16,844,7080,63,0,0,0,59,0.800318644,Half1
sewing,Weekend,0.75,18.79,813,1560,34,0,0,0,33,0.750520115,Half1
sewing,Weekday,0.8,22.52,1263,6900,100,0,0,0,57.5,1.05028058,Half1
sewing,Weekend,0.35,15.09,1448,9360,23,0,0,0,52,0.34998951,Half2
finishing,Weekday,0.75,4.6,0,3360,0,0,0,0,8,0.376597222,Half2
finishing,Weekday,0.7,3.94,0,960,0,0,0,0,8,0.812625,Half1
finishing,Weekday,0.8,4.6,0,0,1080,0,0,0,9,0.902962963,Half1
sewing,Weekday,0.8,30.1,834,1200,0,4,40,0,59,0.366053523,Half1
finishing,Weekend,0.8,2.9,0,1620,0,0,0,0,9,0.910521886,Half2
sewing,Weekday,0.35,22.4,581,7350,0,0,0,0,51.5,0.35063299,Half1
sewing,Weekday,0.65,23.54,830,6600,0,0,0,0,55,0.48792,Half2
sewing,Weekend,0.7,30.1,824,5160,0,0,0,1,60,0.700206125,Half1
finishing,Weekday,0.5,3.9,0,960,0,0,0,0,8,0.5403125,Half1
sewing,Weekday,0.7,29.4,1228,6960,30,0,0,2,58,0.700362069,Half2
sewing,Weekday,0.7,21.82,1653,6240,0,0,0,2,52,0.700058333,Half2
sewing,Weekday,0.8,22.52,21385,7020,88,0,0,0,58.5,0.900158405,Half1
sewing,Weekday,0.8,51.02,1086,4260,27,0,0,0,57,0.311207464,Half1
finishing,Weekday,0.8,3.94,0,1440,0,0,0,0,8,0.858143939,Half1
sewing,Weekend,0.6,30.1,1361,6960,30,0,0,1,58,0.475718391,Half2
finishing,Weekend,0.7,4.15,0,2700,0,0,0,0,15,0.966666667,Half2
sewing,Weekday,0.75,18.79,1020,5640,45,0,0,1,52,0.750371895,Half2
sewing,Weekend,0.7,15.26,1296,6120,40,0,0,0,34,0.70043672,Half2
finishing,Weekend,0.6,3.94,0,3360,0,0,0,0,8,0.448722222,Half1
sewing,Weekday,0.8,28.08,737,10530,63,0,0,0,58.5,0.8,Half1
sewing,Weekend,0.6,11.41,1039,2280,23,0,0,2,55,0.600447507,Half1
finishing,Weekday,0.8,4.6,0,1440,0,0,0,0,12,0.894444444,Half1
sewing,Weekend,0.8,25.9,1288,10170,38,0,0,0,56.5,0.800128721,Half2
sewing,Weekday,0.75,11.61,635,3360,45,0,0,0,57,0.750503571,Half2
sewing,Weekend,0.8,26.87,585,5670,56,0,0,0,31.5,0.662255892,Half2
sewing,Weekday,0.7,22.52,983,10260,63,0,0,0,57,0.750068049,Half2
finishing,Weekday,0.65,3.9,0,0,960,0,0,0,8,0.2640625,Half1
sewing,Weekday,0.8,30.1,694,4080,50,0,0,1,59,0.800808642,Half2
finishing,Weekday,0.75,3.94,0,1920,0,0,0,0,8,0.813309028,Half1
sewing,Weekend,0.75,15.26,1209,4200,45,0,0,0,35,0.750646667,Half2
sewing,Weekday,0.7,29.12,1170,6960,53,0,0,0,58,0.850170115,Half2
finishing,Weekday,0.8,2.9,0,4800,0,0,0,0,8,0.397743056,Half2
sewing,Weekday,0.75,21.82,1674,6000,34,0,0,0,50,0.750608,Half1
sewing,Weekend,0.65,22.52,1295,10170,26,0,0,0,56.5,0.650416734,Half2
sewing,Weekend,0.8,22.52,1233,6900,113,0,0,0,57.5,1.000018551,Half1
sewing,Weekend,0.7,28.08,1072,6900,40,0,0,0,57.5,0.699965217,Half1
finishing,Weekend,0.75,3.94,0,1440,0,0,0,0,8,0.970075758,Half2
finishing,Weekend,0.7,4.15,0,960,0,0,0,0,8,0.725625,Half1
finishing,Weekday,0.8,4.6,0,3780,0,0,0,0,9,0.607654321,Half1
finishing,Weekday,0.8,4.15,0,1980,0,0,0,0,7,0.934607438,Half1
finishing,Weekend,0.8,2.9,0,1440,0,0,0,0,8,0.661837121,Half2
finishing,Weekday,0.75,5.13,0,960,0,0,0,0,8,0.734645833,Half2
finishing,Weekday,0.75,3.9,0,1920,0,0,0,0,8,0.819270833,Half1
finishing,Weekday,0.7,2.9,0,3360,0,0,0,0,8,0.463194444,Half1
finishing,Weekday,0.8,4.08,0,1080,0,0,0,0,9,0.687555556,Half1
sewing,Weekend,0.8,26.16,1335,10620,63,0,0,0,59,0.800117103,Half1
sewing,Weekday,0.6,18.79,2103,5400,0,0,0,1,54,0.329964879,Half2
finishing,Weekend,0.8,2.9,0,960,0,0,0,0,8,0.604166667,Half2
sewing,Weekend,0.6,29.12,925,6660,23,0,0,0,58,0.600125217,Half2
finishing,Weekday,0.8,4.15,0,1620,0,0,0,0,9,0.901262626,Half1
sewing,Weekend,0.7,21.82,1448,6120,40,0,0,1,51,0.700236601,Half2
finishing,Weekend,0.75,3.94,0,1800,0,0,0,0,15,0.971866667,Half2
sewing,Weekend,0.7,22.52,825,10170,50,0,0,0,56.5,0.7005417,Half2
sewing,Weekday,0.75,26.82,1054,7080,45,0,0,0,59,0.750050847,Half1
sewing,Weekday,0.75,19.87,944,6600,45,0,0,0,55,0.75024303,Half1
sewing,Weekend,0.7,30.1,754,7020,0,0,0,0,58.5,0.700618234,Half1
finishing,Weekday,0.7,2.9,0,960,0,0,0,0,8,0.531666667,Half1
sewing,Weekend,0.8,25.9,970,10170,60,0,0,0,56.5,0.850136766,Half1
finishing,Weekday,0.7,4.6,0,960,0,0,0,0,8,0.658541667,Half2
finishing,Weekend,0.8,3.94,0,1440,0,0,0,0,8,0.974621212,Half2
finishing,Weekday,0.7,5.13,0,1200,0,0,0,0,10,0.91375,Half2
sewing,Weekday,0.8,18.79,779,3960,0,0,0,0,33,0.688017677,Half1
finishing,Weekday,0.65,3.94,0,960,0,0,0,0,8,0.845458333,Half2
finishing,Weekend,0.8,3.94,0,960,0,0,0,0,8,0.915229167,Half1
sewing,Weekday,0.75,11.61,698,3360,34,0,0,2,57,0.750437269,Half2
sewing,Weekday,0.7,11.41,680,2160,30,0,0,2,54,0.565972222,Half2
finishing,Weekday,0.7,4.15,0,240,0,0,0,0,2,0.87,Half1
finishing,Weekday,0.8,3.94,0,1440,0,0,0,0,8,0.24625,Half1
finishing,Weekday,0.8,4.6,0,1440,0,0,0,0,12,0.811388889,Half2
sewing,Weekday,0.7,18.79,941,3360,30,0,0,0,33,0.700710417,Half1
finishing,Weekday,0.8,2.9,0,1440,0,0,0,0,8,0.606912879,Half2
sewing,Weekday,0.75,18.79,1003,3960,45,0,0,1,33,0.75065101,Half2
sewing,Weekend,0.5,20.79,966,7680,0,0,0,0,56,0.388007813,Half1
sewing,Weekday,0.8,22.52,11,6840,0,0,0,1,57,0.536901754,Half1
sewing,Weekday,0.75,22.52,759,10080,81,0,0,0,56,0.849983766,Half2
finishing,Weekend,0.7,3.94,0,1200,0,0,0,0,10,0.715766667,Half1
finishing,Weekend,0.65,4.15,0,2160,0,0,0,0,12,0.838383838,Half2
sewing,Weekday,0.7,18.79,1641,6000,40,0,0,1,50,0.60128,Half2
finishing,Weekday,0.75,3.94,0,1800,0,0,0,0,10,1.059621212,Half2
sewing,Weekday,0.7,38.09,336,6240,0,0,0,0,52,0.467693269,Half2
sewing,Weekday,0.8,22.52,23122,5940,50,0,0,0,56.5,0.800393224,Half1
finishing,Weekday,0.8,2.9,0,1440,0,0,0,0,8,0.804640152,Half1
sewing,Weekday,0.65,15.09,976,240,23,0,0,0,52,0.650307143,Half2
sewing,Weekend,0.8,11.41,313,3420,50,0,0,0,58,0.800034503,Half1
sewing,Weekend,0.8,15.26,1021,4080,63,0,0,0,34,0.800401961,Half1
finishing,Weekday,0.5,5.13,0,1800,0,0,0,0,15,0.7866,Half2
sewing,Weekend,0.8,11.61,1039,5670,63,0,0,0,31.5,0.800246753,Half2
finishing,Weekend,0.8,4.08,0,1080,0,0,0,0,9,0.876444444,Half2
sewing,Weekday,0.8,11.61,816,2820,50,0,0,2,57,0.800516667,Half2
sewing,Weekend,0.8,18.79,822,4080,0,0,0,0,34,0.557252451,Half1
finishing,Weekday,0.65,4.15,0,960,0,0,0,0,8,0.553333333,Half2
finishing,Weekend,0.8,3.94,0,1800,0,0,0,0,10,0.582045455,Half2
finishing,Weekday,0.8,3.94,0,1440,0,0,0,0,8,0.936496212,Half1
finishing,Weekend,0.8,4.15,0,1440,0,0,0,0,8,0.817424242,Half1
sewing,Weekday,0.8,30.1,437,7080,32,0,0,2,59,0.495617514,Half2
sewing,Weekend,0.8,11.61,539,6975,50,0,0,0,31,0.879714482,Half1
finishing,Weekday,0.6,3.94,0,0,2880,0,0,0,12,0.864342593,Half1
finishing,Weekday,0.8,3.94,0,4440,0,0,0,0,18,0.966781346,Half1
sewing,Weekend,0.8,11.61,347,0,50,4,20,0,57,0.682433036,Half1
sewing,Weekday,0.75,28.08,1083,7020,45,0,0,0,58.5,0.7504,Half1
sewing,Weekday,0.75,18.79,759,3960,34,0,0,0,33,0.75065101,Half2
finishing,Weekend,0.6,3.94,0,960,0,0,0,0,8,0.673083333,Half1
sewing,Weekday,0.8,15.26,470,4080,63,0,0,0,34,0.800401961,Half1
finishing,Weekday,0.8,3.94,0,1440,0,0,0,0,8,0.880530303,Half1
sewing,Weekday,0.7,20.55,9792,6480,60,0,0,0,54,0.700398148,Half1
finishing,Weekday,0.8,2.9,0,1440,0,0,0,0,8,0.683806818,Half2
sewing,Weekday,0.8,15.26,1060,4080,63,0,0,0,34,0.800401961,Half2
sewing,Weekday,0.7,14.89,1735,10260,50,0,0,0,57,0.700170388,Half2
sewing,Weekend,0.7,21.82,1393,5640,30,0,0,0,52,0.700236601,Half1
sewing,Weekday,0.6,22.4,816,5100,23,0,0,0,57,0.600369686,Half1
sewing,Weekend,0.8,22.52,1397,6840,113,0,0,0,57,1.000230409,Half2
sewing,Weekday,0.6,30.1,1069,4560,30,0,0,1,58,0.714410494,Half1
finishing,Weekday,0.8,4.6,0,0,1440,0,0,0,12,0.795416667,Half1
sewing,Weekend,0.5,26.66,556,6960,23,0,0,2,58,0.500258046,Half2
sewing,Weekday,0.8,22.52,1413,360,70,0,0,0,57,0.900477825,Half1
finishing,Weekday,0.7,5.13,0,960,0,0,0,0,8,0.671875,Half2
sewing,Weekday,0.8,22.52,1422,6840,113,0,0,0,57,1.000230409,Half2
sewing,Weekday,0.8,26.16,1099,8220,75,0,0,0,59,0.850522167,Half1
sewing,Weekday,0.8,22.52,10,6000,0,0,0,0,50,0.441392,Half1
sewing,Weekday,0.8,42.27,465,9900,54,0,0,0,55,0.705576584,Half1
sewing,Weekday,0.75,29.4,1244,6840,45,0,0,2,57,0.750473684,Half2
sewing,Weekday,0.7,29.4,1116,6240,0,0,0,2,57,0.7,Half2
sewing,Weekday,0.8,30.1,616,7080,0,0,0,0,59,0.800115819,Half1
sewing,Weekday,0.8,26.16,1232,10620,75,0,0,0,59,0.850502311,Half1
sewing,Weekday,0.8,26.16,1189,10620,75,0,0,0,59,0.850502311,Half1
sewing,Weekday,0.8,25.9,1047,6780,38,0,0,0,56.5,0.800684366,Half1
sewing,Weekday,0.8,11.61,955,6360,63,0,0,0,32,0.800191989,Half2
sewing,Weekday,0.8,15.26,1132,4080,63,0,0,0,34,0.800401961,Half1
finishing,Weekend,0.75,2.9,0,5640,0,0,0,0,17,0.987880435,Half1
finishing,Weekday,0.8,2.9,0,960,0,0,0,0,8,0.540729167,Half1
finishing,Weekday,0.8,3.94,0,2160,0,0,0,0,18,1.057962963,Half1
finishing,Weekday,0.8,2.9,0,1440,0,0,0,0,8,0.667329545,Half1
finishing,Weekday,0.65,3.94,0,3360,0,0,0,0,8,0.537919444,Half1
sewing,Weekday,0.65,21.98,808,10440,35,0,0,0,58,0.649983281,Half1
sewing,Weekend,0.8,30.1,934,6960,0,3.5,15,0,58,0.579511494,Half1
finishing,Weekday,0.75,2.9,0,960,0,0,0,0,8,0.676666667,Half1
sewing,Weekend,0.7,23.69,544,13800,0,0,0,0,60,0.700134038,Half1
sewing,Weekday,0.75,15.26,1436,4200,45,0,0,0,35,0.750646667,Half2
finishing,Weekend,0.7,3.94,0,4320,0,0,0,0,18,0.759228395,Half1
sewing,Weekend,0.75,15.26,1276,1440,45,0,0,0,35,0.750450658,Half1
finishing,Weekday,0.75,2.9,0,960,0,0,0,0,8,0.888125,Half1
finishing,Weekday,0.65,3.94,0,960,0,0,0,0,8,0.705916667,Half1
finishing,Weekend,0.8,3.94,0,960,0,0,0,0,8,0.385791667,Half2
finishing,Weekend,0.8,3.94,0,1800,0,0,0,0,10,0.82680303,Half2
sewing,Weekday,0.6,30.1,829,3360,23,0,0,1,58,0.600070513,Half1
sewing,Weekday,0.7,26.82,1772,6960,50,0,0,0,58,0.750651724,Half1
sewing,Weekday,0.8,54.56,757,4140,29,0,0,0,58,0.520237649,Half2
sewing,Weekend,0.65,30.1,712,6780,44,0,0,1,56.5,0.568259587,Half1
finishing,Weekday,0.8,5.13,0,1440,0,0,0,0,12,0.919125,Half2
finishing,Weekend,0.75,3.94,0,2280,0,0,0,0,19,0.950438596,Half1
finishing,Weekday,0.75,3.94,0,960,0,0,0,0,8,0.880754167,Half1
sewing,Weekday,0.65,20.79,1015,7080,81,0,0,0,59,0.800473729,Half2
sewing,Weekend,0.7,45.67,884,6960,26,0,0,0,58,0.603432184,Half1
sewing,Weekday,0.75,22.52,1299,6840,119,0,0,0,57,1.000230409,Half2
sewing,Weekday,0.6,30.33,868,6840,0,0,0,1,57,0.328131579,Half2
sewing,Weekday,0.8,25.9,984,6720,38,0,0,0,56,0.800125,Half1
sewing,Weekday,0.8,29.12,609,3240,50,0,0,0,58,0.800144144,Half1
finishing,Weekend,0.6,3.9,0,960,0,0,0,0,8,0.4509375,Half1
finishing,Weekday,0.8,5.13,0,1080,0,0,0,0,9,0.9025,Half2
finishing,Weekday,0.75,4.15,0,1200,0,0,0,0,10,0.629416667,Half2
finishing,Weekday,0.8,3.94,0,1440,0,0,0,0,12,0.664875,Half1
finishing,Weekday,0.7,5.13,0,960,0,0,0,0,8,0.930416667,Half2
finishing,Weekend,0.8,3.94,0,960,0,0,0,0,8,0.792104167,Half1
sewing,Weekend,0.75,10.05,677,3240,45,0,0,0,27,0.750027778,Half1
finishing,Weekday,0.8,3.94,0,1440,0,0,0,0,8,0.891723485,Half1
sewing,Weekday,0.8,11.41,411,14640,50,0,0,0,30.5,0.800024932,Half1
finishing,Weekend,0.8,3.94,0,1440,0,0,0,0,8,0.820833333,Half1
finishing,Weekend,0.8,3.94,0,960,0,0,0,0,8,0.607416667,Half1
sewing,Weekend,0.75,19.87,1075,7080,45,0,0,0,56,0.750098351,Half1
sewing,Weekday,0.6,29.4,179,0,23,5,30,2,58,0.600982906,Half2
sewing,Weekend,0.6,26.66,692,6840,23,0,0,0,57,0.600239766,Half1
finishing,Weekday,0.8,3.94,0,960,0,0,0,0,8,0.586041667,Half2
finishing,Weekday,0.7,2.9,0,1800,0,0,0,0,15,0.726933333,Half2
sewing,Weekend,0.8,11.61,896,5670,50,0,0,0,31.5,0.800246753,Half1
sewing,Weekday,0.8,26.16,1187,10620,75,0,0,0,59,0.850502311,Half1
finishing,Weekday,0.6,3.94,0,960,0,0,0,0,8,0.406354167,Half2
finishing,Weekend,0.8,2.9,0,1440,0,0,0,0,8,0.628882576,Half1
sewing,Weekday,0.5,18.79,717,3960,23,0,0,0,33,0.500117677,Half2
sewing,Weekday,0.75,18.79,1206,6240,34,0,0,0,52,0.750395513,Half1
sewing,Weekday,0.8,22.52,1287,6840,100,0,0,0,57,0.950185965,Half2
sewing,Weekday,0.75,30.1,444,0,0,5,20,1,59,0.611140537,Half2
sewing,Weekday,0.7,19.68,1119,5640,0,8,35,1,47,0.303574468,Half2
finishing,Weekend,0.7,4.15,0,960,0,0,0,0,8,0.7018125,Half1
sewing,Weekday,0.75,30.1,855,7020,45,0,0,0,58,0.750356125,Half1
sewing,Weekday,0.8,40.99,980,10770,30,0,0,0,56.5,0.555500132,Half2
finishing,Weekday,0.8,2.9,0,1440,0,0,0,0,8,0.681060606,Half1
finishing,Weekday,0.7,4.15,0,2400,0,0,0,0,8,0.758173077,Half2
sewing,Weekend,0.7,20.4,1382,10440,50,0,0,0,58,0.700250784,Half2
finishing,Weekday,0.75,3.94,0,8400,0,0,0,0,14,0.940701058,Half2
sewing,Weekday,0.8,11.61,1159,2970,50,0,0,0,31.5,0.800313433,Half1
sewing,Weekday,0.5,22.94,1492,10170,30,0,0,0,56.5,0.549969429,Half2
sewing,Weekday,0.8,15.26,894,4080,50,0,0,0,34,0.800401961,Half1
sewing,Weekend,0.8,22.52,1186,6900,113,0,0,0,58,1.000018551,Half1
finishing,Weekday,0.8,2.9,0,1440,0,0,0,0,8,0.639867424,Half2
finishing,Weekend,0.8,2.9,0,1440,0,0,0,0,8,0.639867424,Half2
sewing,Weekday,0.8,11.61,1101,5310,50,0,0,0,31.5,0.800140969,Half1
finishing,Weekend,0.8,3.94,0,1200,0,0,0,0,10,0.893066667,Half1
sewing,Weekday,0.65,27.48,544,6720,34,0,0,0,56,0.700903571,Half1
sewing,Weekend,0.8,49.1,1381,10350,24,0,0,0,57.5,0.403242161,Half2
finishing,Weekend,0.8,4.6,0,3780,0,0,0,0,9,0.590617284,Half2
finishing,Weekday,0.8,2.9,0,1440,0,0,0,0,8,0.817424242,Half1
sewing,Weekday,0.7,27.13,530,9540,37,0,0,0,53,0.582301029,Half1
sewing,Weekday,0.65,24.26,1435,6600,0,0,0,0,55,0.260978788,Half1
finishing,Weekday,0.8,2.9,0,960,0,0,0,0,8,0.3715625,Half2
sewing,Weekday,0.65,30.33,841,6840,0,0,0,1,57,0.585315789,Half2
sewing,Weekday,0.7,26.66,950,6960,50,0,0,0,58,0.750770115,Half1
sewing,Weekend,0.65,18.79,881,3960,26,0,0,0,33,0.651007071,Half1
finishing,Weekday,0.75,2.9,0,3360,0,0,0,0,8,0.309333333,Half1
sewing,Weekday,0.8,15.26,961,4080,50,0,0,0,34,0.800401961,Half1
sewing,Weekday,0.8,26.16,1324,10620,75,0,0,0,59,0.850502311,Half1
sewing,Weekday,0.8,15.26,900,4080,50,0,0,0,34,0.800401961,Half1
sewing,Weekday,0.7,20.79,965,7320,0,0,0,0,58,0.700095563,Half1
finishing,Weekend,0.8,4.08,0,1080,0,0,0,0,9,0.891555556,Half1
sewing,Weekend,0.8,15.26,1026,2880,63,0,0,0,34,0.800355208,Half1
finishing,Weekday,0.7,3.9,0,960,0,0,0,0,8,0.741,Half1
sewing,Weekday,0.7,30.1,557,6960,0,0,0,0,58,0.562212644,Half1
sewing,Weekend,0.7,30.1,881,7080,0,0,0,1,59,0.700632768,Half2
finishing,Weekday,0.7,3.9,0,960,0,0,0,0,8,0.325,Half2
sewing,Weekday,0.7,22.52,938,10080,63,0,0,0,56,0.750057359,Half2
finishing,Weekday,0.8,3.94,0,960,0,0,0,0,8,0.6895,Half1
sewing,Weekend,0.75,15.26,1316,6120,40,0,0,0,34,0.750079323,Half2
sewing,Weekday,0.8,22.52,813,0,88,0,0,0,57,0.90047076,Half1
sewing,Weekday,0.8,15.26,1065,4080,63,0,0,0,34,0.800401961,Half2
finishing,Weekday,0.65,3.94,0,960,0,0,0,0,8,0.806879167,Half1
sewing,Weekday,0.7,24.26,1639,6720,0,0,0,0,56,0.541517857,Half1
finishing,Weekday,0.8,3.94,0,1440,0,0,0,0,8,0.835757576,Half1
finishing,Weekday,0.7,3.9,0,0,1200,0,0,0,10,0.6825,Half1
finishing,Weekend,0.7,4.08,0,1620,0,0,0,0,9,0.618181818,Half2
finishing,Weekday,0.8,3.94,0,1260,0,0,0,0,8,0.247316017,Half1
sewing,Weekday,0.6,22.52,1076,10170,23,0,0,0,56.5,0.600291767,Half2
finishing,Weekday,0.5,5.13,0,2880,0,0,0,0,12,0.81640625,Half2
sewing,Weekday,0.8,22.52,1086,6960,50,0,0,0,58,0.799963218,Half1
finishing,Weekend,0.6,3.94,0,1440,0,0,0,0,8,0.261174242,Half2
sewing,Weekend,0.7,21.82,1251,6000,30,0,0,0,50,0.700422,Half1
finishing,Weekend,0.8,3.94,0,1200,0,0,0,0,10,0.912766667,Half1
sewing,Weekday,0.8,30.1,786,7080,50,0,0,2,59,0.800115819,Half2
sewing,Weekend,0.8,15.26,1194,1700,62,0,0,0,34,0.800260821,Half2
sewing,Weekday,0.5,11.41,1039,2280,0,0,0,2,55,0.50012336,Half1
sewing,Weekend,0.8,11.41,887,5490,50,0,0,0,30.5,0.800343766,Half1
finishing,Weekday,0.75,4.15,0,1920,0,0,0,0,8,0.875390625,Half1
finishing,Weekday,0.8,3.94,0,2400,0,0,0,0,10,0.939513889,Half1
finishing,Weekend,0.75,4.6,0,3360,0,0,0,0,8,0.813611111,Half1
sewing,Weekday,0.35,22.4,715,10170,23,0,0,0,56.5,0.35020649,Half1
sewing,Weekend,0.7,24.26,652,6840,0,300,37,0,57,0.365318713,Half1
finishing,Weekend,0.8,4.6,0,3600,0,0,0,0,15,0.590740741,Half1
sewing,Weekday,0.75,18.79,1193,6240,45,0,0,0,52,0.750395513,Half1
finishing,Weekday,0.8,3.94,0,1440,0,0,0,0,8,0.805909091,Half1
sewing,Weekday,0.6,15.26,1492,6960,23,0,0,0,34,0.600436426,Half2
sewing,Weekend,0.8,11.61,954,0,50,0,0,2,58,0.800779018,Half2
finishing,Weekday,0.8,3.94,0,1440,0,0,0,0,12,0.618361111,Half1
sewing,Weekday,0.75,28.08,1066,10530,69,0,0,0,58.5,0.8,Half1
sewing,Weekday,0.8,22.52,1506,3600,70,0,0,0,57,0.900509044,Half1
finishing,Weekday,0.35,4.3,0,3600,0,0,0,0,20,0.988636364,Half2
sewing,Weekend,0.8,22.52,1116,6720,93,0,0,0,56,0.920236905,Half2
sewing,Weekend,0.8,15.26,942,4080,63,0,0,0,34,0.800401961,Half1
finishing,Weekday,0.8,4.08,0,1080,0,0,0,0,9,0.838666667,Half1
sewing,Weekday,0.8,11.61,1063,5670,50,0,0,0,31.5,0.800246753,Half1
sewing,Weekday,0.7,18.79,1587,4560,30,0,0,1,51,0.70009573,Half2
finishing,Weekday,0.8,4.6,0,7560,0,0,0,0,18,0.921604938,Half2
sewing,Weekday,0.8,25.9,1066,10170,50,0,0,0,56.5,0.800128721,Half1
finishing,Weekday,0.8,4.6,0,4200,0,0,0,0,10,0.999533333,Half1
sewing,Weekday,0.8,30.1,15,1200,49,0,0,1,59,0.598792339,Half2
sewing,Weekday,0.8,28.08,759,6900,50,0,0,0,57.5,0.800076522,Half1
sewing,Weekday,0.7,18.79,1603,6120,30,0,0,1,51,0.638614379,Half2
finishing,Weekday,0.7,4.6,0,3360,0,0,0,0,8,0.354444444,Half1
sewing,Weekend,0.8,15.26,1106,4080,63,0,0,0,34,0.800401961,Half1
sewing,Weekend,0.75,22.52,1495,10350,55,0,0,0,57.5,0.800513307,Half2
sewing,Weekday,0.8,11.61,1120,5670,50,0,0,0,31.5,0.800246753,Half1
sewing,Weekend,0.8,11.61,1005,7080,50,0,0,0,29.5,0.800237288,Half1
sewing,Weekday,0.8,15.26,854,4080,50,0,0,0,34,0.800401961,Half1
finishing,Weekend,0.8,3.94,0,960,0,0,0,0,8,1.1204375,Half2
sewing,Weekday,0.8,22.52,1134,6720,70,0,0,0,56,0.90012976200000006,Half2
finishing,Weekday,0.8,4.6,0,1200,0,0,0,0,10,0.939166667,Half1
sewing,Weekday,0.8,26.16,1138,7080,63,0,0,0,59,0.800318644,Half1
finishing,Weekday,0.6,3.9,0,960,0,0,0,0,8,0.950625,Half1
sewing,Weekday,0.8,30.1,450,7140,50,0,0,0,60,0.800137255,Half2
sewing,Weekday,0.65,30.48,953,6720,26,0,0,1,56,0.650421429,Half1
sewing,Weekend,0.6,23.41,1266,2520,23,0,0,1,38,0.601037091,Half1
sewing,Weekday,0.7,30.1,247,6960,50,0,0,1,58,0.700603448,Half2
finishing,Weekend,0.8,3.94,0,2160,0,0,0,0,18,0.875555556,Half1
finishing,Weekday,0.65,4.15,0,1440,0,0,0,0,8,0.821354167,Half1
finishing,Weekday,0.8,3.94,0,960,0,0,0,0,8,0.771583333,Half1
finishing,Weekend,0.8,2.9,0,1440,0,0,0,0,8,0.653598485,Half1
sewing,Weekend,0.8,25.9,1227,7020,60,0,0,0,56.5,0.850436438,Half1
sewing,Weekday,0.7,29.4,1079,4560,40,0,0,2,58,0.700518519,Half2
sewing,Weekday,0.8,25.9,1135,10170,60,0,0,0,56.5,0.850136766,Half1
sewing,Weekend,0.65,22.52,1163,9720,35,0,0,0,54,0.650198653,Half2
sewing,Weekday,0.8,22.52,1500,6900,113,0,0,0,57.5,1.000018551,Half1
finishing,Weekend,0.8,4.6,0,1440,0,0,0,0,12,0.951944444,Half1
sewing,Weekday,0.8,25.9,1218,10170,60,0,0,0,56.5,0.850136766,Half1
sewing,Weekday,0.65,20.4,1255,8280,35,0,0,0,58,0.650066445,Half2
sewing,Weekday,0.7,26.66,1562,6960,60,0,0,0,58,0.800566092,Half1
sewing,Weekday,0.8,22.52,1397,0,138,0,0,0,57,1.100483918,Half1
finishing,Weekend,0.8,4.6,0,6300,0,0,0,0,15,0.921703704,Half2
sewing,Weekday,0.7,22.94,1363,10260,50,0,0,0,57,0.750031898,Half2
finishing,Weekday,0.8,4.08,0,1080,0,0,0,0,9,0.906666667,Half1
finishing,Weekend,0.8,3.94,0,1200,0,0,0,0,10,0.870083333,Half1
sewing,Weekend,0.65,11.41,700,2640,23,0,0,2,53,0.650223718,Half2
sewing,Weekday,0.7,22.52,930,10260,63,0,0,0,57,0.750068049,Half2
sewing,Weekday,0.8,26.16,1369,10620,63,0,0,0,59,0.800117103,Half2
finishing,Weekend,0.5,3.94,0,960,0,0,0,0,8,0.857916667,Half1
finishing,Weekday,0.8,2.9,0,960,0,0,0,0,8,0.758229167,Half1
sewing,Weekday,0.5,30.48,1161,6600,0,0,0,1,55,0.500610909,Half1
finishing,Weekday,0.8,3.94,0,1440,0,0,0,0,8,0.858143939,Half1
sewing,Weekday,0.75,18.79,726,3360,0,0,0,0,33,0.750621354,Half2
finishing,Weekday,0.65,4.15,0,1440,0,0,0,0,8,0.860653409,Half2
sewing,Weekend,0.6,30.48,869,6720,0,0,0,1,56,0.600528571,Half1
sewing,Weekday,0.75,21.82,1499,6000,34,0,0,0,50,0.750608,Half1
sewing,Weekday,0.7,21.82,1511,3600,30,0,0,0,51,0.70013604,Half1
finishing,Weekday,0.8,3.94,0,2400,0,0,0,0,8,0.827147436,Half2
finishing,Weekday,0.75,3.94,0,1440,0,0,0,0,8,0.809640152,Half1
finishing,Weekday,0.8,3.94,0,960,0,0,0,0,8,0.54175,Half1
finishing,Weekday,0.7,4.3,0,5040,0,0,0,0,28,0.977272727,Half2
sewing,Weekend,0.75,42.97,1282,10260,56,0,0,0,57,0.750041201,Half2
sewing,Weekday,0.7,15.26,1337,6120,40,0,0,0,34,0.70043672,Half2
sewing,Weekday,0.7,22.94,1384,12180,63,0,0,0,57,0.750162367,Half2
sewing,Weekday,0.8,15.26,1035,4080,63,0,0,0,34,0.800401961,Half1
sewing,Weekday,0.8,26.16,1196,10620,63,0,0,0,59,0.800117103,Half2
sewing,Weekday,0.8,30.1,276,600,63,3.5,15,0,59.5,0.799982853,Half2
sewing,Weekday,0.6,30.1,415,6960,0,0,0,0,58,0.415172414,Half1
sewing,Weekday,0.8,19.87,963,9900,50,0,0,0,55,0.800273829,Half1
sewing,Weekday,0.8,26.16,1216,10620,88,0,0,0,59,0.900215716,Half1
sewing,Weekday,0.8,11.41,357,3420,50,0,0,0,58,0.800034503,Half1
finishing,Weekday,0.8,4.6,0,1920,0,0,0,0,8,0.786631944,Half1
sewing,Weekday,0.7,22.52,1134,8460,50,0,0,0,57,0.750037968,Half2
sewing,Weekday,0.7,22.52,1244,10260,63,0,0,0,57,0.750068049,Half2
finishing,Weekend,0.6,2.9,0,1200,0,0,0,0,10,0.715333333,Half2
finishing,Weekday,0.75,4.15,0,2700,0,0,0,0,15,0.83,Half1
sewing,Weekday,0.75,22.52,825,10080,94,0,0,0,56,0.900556277,Half2
sewing,Weekend,0.6,27.48,549,6720,38,0,0,0,56,0.707446429,Half1
sewing,Weekday,0.7,30.33,577,2160,30,0,0,1,58,0.700623,Half2
sewing,Weekend,0.75,18.79,1012,3960,45,0,0,0,33,0.75065101,Half2
finishing,Weekday,0.7,3.94,0,1800,0,0,0,0,10,0.910378788,Half2
finishing,Weekday,0.75,3.94,0,960,0,0,0,0,8,0.8865,Half1
sewing,Weekday,0.8,11.61,1084,4950,38,0,0,0,31.5,0.80003139,Half2
sewing,Weekday,0.7,29.4,847,6960,30,0,0,1,58,0.700362069,Half2
sewing,Weekend,0.8,28.08,762,10530,38,0,0,0,58.5,0.8,Half1
sewing,Weekday,0.8,22.52,1039,6720,113,0,0,0,56,0.999995238,Half1
finishing,Weekend,0.8,3.94,0,1440,0,0,0,0,8,0.858143939,Half1
sewing,Weekday,0.7,24.26,2698,6720,0,0,0,0,56,0.295307738,Half1
sewing,Weekday,0.7,21.82,1334,5760,30,0,0,0,53,0.700058333,Half1
finishing,Weekend,0.75,4.15,0,1560,0,0,0,0,8,0.991388889,Half1
sewing,Weekday,0.8,22.52,1327,0,113,0,0,0,57.5,1.000344928,Half1
sewing,Weekend,0.6,24.26,1196,6600,0,0,0,0,55,0.466821212,Half1
finishing,Weekend,0.8,3.94,0,2880,0,0,0,0,12,0.727349537,Half2
finishing,Weekday,0.7,4.15,0,960,0,0,0,0,8,0.976979167,Half1
finishing,Weekend,0.8,3.94,0,1440,0,0,0,0,8,0.873068182,Half1
finishing,Weekend,0.8,2.9,0,1440,0,0,0,0,8,0.675568182,Half2
finishing,Weekend,0.75,3.94,0,1620,0,0,0,0,9,0.961784512,Half2
sewing,Weekday,0.8,15.26,1029,2040,50,0,0,0,35,0.800259023,Half1
finishing,Weekday,0.7,2.9,0,960,0,0,0,0,8,0.410833333,Half2
sewing,Weekday,0.8,11.41,1047,5580,63,0,0,0,31,0.800261486,Half2
finishing,Weekday,0.7,4.15,0,1800,0,0,0,0,15,0.796755556,Half1
finishing,Weekday,0.35,4.15,0,1440,0,0,0,0,12,0.755486111,Half1
sewing,Weekend,0.8,25.9,1012,10170,45,0,0,0,56.5,0.850136766,Half1
sewing,Weekday,0.75,18.79,52,3960,0,0,0,0,33,0.332146465,Half1
sewing,Weekday,0.8,22.52,1532,6900,88,0,0,0,57.5,0.900147246,Half1
sewing,Weekday,0.7,21.25,1834,6360,0,0,0,1,53,0.471108491,Half2
sewing,Weekday,0.8,25.9,1035,10170,38,0,0,0,56.5,0.800128721,Half1
sewing,Weekday,0.8,30.1,901,6480,50,0,0,1,59,0.800071839,Half2
sewing,Weekday,0.7,26.82,1373,6960,50,0,0,0,58,0.750651724,Half1
sewing,Weekday,0.8,15.26,970,4080,63,0,0,0,34,0.800401961,Half1
sewing,Weekday,0.8,28.08,925,10350,50,0,0,0,57.5,0.800594466,Half1
sewing,Weekday,0.75,18.79,1247,6240,45,0,0,0,52,0.750395513,Half1
sewing,Weekend,0.75,18.79,1239,5640,45,0,0,0,52,0.750371895,Half1
sewing,Weekday,0.7,30.1,784,600,30,0,0,1,59,0.700459889,Half2
sewing,Weekday,0.8,30.1,680,7140,0,0,0,0,59,0.653431373,Half2
sewing,Weekday,0.8,22.52,1512,0,88,0,0,0,57,0.899984058,Half1
finishing,Weekday,0.8,3.94,0,5400,0,0,0,0,20,0.912766667,Half1
finishing,Weekday,0.8,3.94,0,1800,0,0,0,0,10,0.964106061,Half2
finishing,Weekend,0.75,4.15,0,960,0,0,0,0,8,0.345833333,Half1
sewing,Weekday,0.8,11.61,760,4470,50,0,0,0,31.5,0.80007657,Half1
sewing,Weekday,0.75,30.1,610,7080,56,0,0,0,59,0.750799435,Half1
finishing,Weekday,0.5,4.15,0,1440,0,0,0,0,12,0.926388889,Half2
sewing,Weekday,0.8,11.61,632,0,50,0,0,0,57,0.800309211,Half1
sewing,Weekday,0.75,26.82,1322,7140,65,0,0,0,59,0.850426891,Half1
sewing,Weekend,0.8,26.16,1278,7080,60,0,0,0,59,0.850569492,Half1
finishing,Weekday,0.4,3.9,0,6300,0,0,0,0,15,0.567377778,Half1
finishing,Weekday,0.7,4.6,0,960,0,0,0,0,8,0.592083333,Half1
sewing,Weekday,0.8,11.61,1037,7200,50,0,0,0,32,0.800246011,Half1
finishing,Weekday,0.75,5.13,0,1920,0,0,0,0,8,0.684027778,Half2
finishing,Weekday,0.8,3.94,0,2160,0,0,0,0,18,0.966759259,Half1
sewing,Weekday,0.8,22.52,1498,0,113,0,0,0,57,1.000065789,Half1
finishing,Weekend,0.7,3.94,0,1440,0,0,0,0,8,0.578314394,Half2
finishing,Weekday,0.7,2.9,0,960,0,0,0,0,8,0.39875,Half1
finishing,Weekend,0.8,3.94,0,1440,0,0,0,0,8,0.884261364,Half2
sewing,Weekday,0.8,28.08,716,10350,50,0,0,0,57.5,0.800594466,Half1
sewing,Weekend,0.75,30.1,664,7140,56,0,0,0,59,0.750392157,Half1
finishing,Weekend,0.75,4.08,0,1080,0,0,0,0,9,0.702666667,Half1
finishing,Weekend,0.8,4.6,0,1080,0,0,0,0,9,0.868888889,Half1
sewing,Weekday,0.8,10.05,13,3240,34,0,0,0,54,0.750648148,Half1
finishing,Weekday,0.8,2.9,0,960,0,0,0,0,8,0.6225,Half2
sewing,Weekend,0.8,30.1,679,7140,0,0,0,0,59.5,0.722568627,Half2
sewing,Weekend,0.7,30.33,746,6840,0,0,0,1,57,0.700605263,Half2
sewing,Weekend,0.8,22.52,1142,6720,88,0,0,0,56,0.90012976200000006,Half1
sewing,Weekend,0.8,22.52,1282,6720,75,0,0,0,56,0.850532143,Half1
sewing,Weekday,0.75,30.1,788,7380,56,0,0,0,59.5,0.750406233,Half1
finishing,Weekend,0.8,3.94,0,2400,0,0,0,0,10,0.753525,Half2
finishing,Weekday,0.8,3.94,0,12600,0,0,0,0,20,0.919905405,Half1
finishing,Weekday,0.75,3.94,0,1440,0,0,0,0,12,0.861875,Half2
finishing,Weekend,0.8,3.94,0,1440,0,0,0,0,8,0.828295455,Half1
finishing,Weekday,0.8,5.13,0,3600,0,0,0,0,15,0.710125,Half2
sewing,Weekday,0.8,22.52,1350,6840,113,0,0,0,57,1.000230409,Half2
finishing,Weekday,0.7,2.9,0,960,0,0,0,0,8,0.5046875,Half2
finishing,Weekday,0.7,4.15,0,1080,0,0,0,0,9,0.823555556,Half2
finishing,Weekend,0.6,2.9,0,960,0,0,0,0,8,0.271875,Half1
sewing,Weekday,0.75,18.79,1096,6240,34,0,0,0,52,0.750395513,Half1
sewing,Weekend,0.7,30.1,957,7200,0,0,0,1,60,0.602,Half1
sewing,Weekend,0.8,26.16,1122,10620,75,0,0,0,59,0.851174114,Half1
finishing,Weekday,0.8,4.6,0,1080,0,0,0,0,9,0.868888889,Half1
sewing,Weekday,0.65,26.66,1527,6840,65,0,0,0,57,0.800579532,Half1
sewing,Weekend,0.8,26.16,1381,3660,50,0,0,0,59,0.800015009,Half2
finishing,Weekday,0.8,2.9,0,960,0,0,0,0,8,0.749166667,Half2
sewing,Weekend,0.75,42.97,532,10260,40,0,0,0,57,0.59114168,Half2
sewing,Weekday,0.75,18.79,913,3360,45,0,0,0,33,0.75065101,Half2
sewing,Weekend,0.7,22.94,1472,10260,75,0,0,0,57,0.800643806,Half2
sewing,Weekend,0.8,28.08,913,6540,50,0,0,0,54.5,0.800322936,Half1
finishing,Weekend,0.8,4.15,0,1440,0,0,0,0,8,0.668087121,Half1
sewing,Weekend,0.75,29.12,1282,6960,45,0,0,0,58,0.750593103,Half1
finishing,Weekend,0.8,4.15,0,960,0,0,0,0,8,0.956270833,Half1
finishing,Weekday,0.8,2.9,0,1440,0,0,0,0,8,0.61625,Half1
finishing,Weekend,0.8,3.94,0,1200,0,0,0,0,10,0.971866667,Half2
sewing,Weekday,0.5,20.1,1413,5880,46,0,0,0,54,0.500567308,Half2
sewing,Weekday,0.6,15.26,1245,6360,23,0,0,0,34,0.60017284,Half2
sewing,Weekday,0.7,11.41,653,3480,30,0,0,2,58,0.700540441,Half2
finishing,Weekday,0.7,3.94,0,5100,0,0,0,0,17,0.912202112,Half2
sewing,Weekend,0.8,22.52,1136,6960,113,0,0,0,58,1.000457471,Half2
sewing,Weekday,0.75,29.4,916,6960,56,0,0,2,58,0.750206897,Half2
finishing,Weekday,0.8,2.9,0,1200,0,0,0,0,10,0.927291667,Half1
sewing,Weekend,0.7,18.79,1717,3240,30,0,0,1,57,0.627011183,Half2
sewing,Weekend,0.75,22.94,1502,6960,81,0,0,0,58,0.850362069,Half2
finishing,Weekend,0.8,2.9,0,960,0,0,0,0,8,0.667604167,Half1
sewing,Weekday,0.75,30.1,912,7020,0,0,0,1,58,0.750356125,Half2
sewing,Weekday,0.6,20.1,1601,4320,46,0,0,0,51,0.60059761,Half2
sewing,Weekday,0.75,15.26,1429,3600,45,0,0,0,35,0.750283333,Half2
sewing,Weekday,0.75,29.12,1070,6960,34,0,0,0,58,0.750593103,Half1
sewing,Weekday,0.7,27.48,586,6960,40,0,0,0,58,0.700424138,Half1
sewing,Weekend,0.6,18.79,799,3960,23,0,0,0,33,0.600710606,Half2
sewing,Weekday,0.75,29.4,534,6840,56,0,0,0,57,0.750473684,Half1
finishing,Weekend,0.8,2.9,0,720,0,0,0,0,4,0.329545455,Half2
finishing,Weekday,0.65,3.94,0,1440,0,0,0,0,8,0.646306818,Half2
finishing,Weekend,0.7,4.15,0,960,0,0,0,0,8,0.605208333,Half2
sewing,Weekend,0.65,16.1,626,4200,0,0,0,1,45,0.65024031,Half1
sewing,Weekday,0.7,30.1,7,7080,27,2,10,2,59,0.621971751,Half2
sewing,Weekday,0.5,48.18,1282,6480,23,0,0,0,54,0.37046657,Half2
finishing,Weekday,0.7,3.94,0,3360,0,0,0,0,8,0.555430556,Half1
sewing,Weekend,0.75,22.52,727,10260,94,0,0,0,57,0.900321106,Half2
sewing,Weekend,0.7,26.82,1195,6960,60,0,0,0,58,0.800746552,Half1
finishing,Weekend,0.8,4.6,0,10500,0,0,0,0,25,0.936355556,Half1
sewing,Weekday,0.75,29.12,8992,6960,55,0,0,0,58,0.799963218,Half1
finishing,Weekday,0.7,4.15,0,240,0,0,0,0,2,0.58,Half1
finishing,Weekday,0.8,3.94,0,1440,0,0,0,0,12,0.853666667,Half1
finishing,Weekday,0.7,5.13,0,1920,0,0,0,0,8,0.672135417,Half2
finishing,Weekday,0.7,4.15,0,9000,0,0,0,0,15,0.742901235,Half2
finishing,Weekend,0.8,2.9,0,960,0,0,0,0,8,0.755208333,Half1
sewing,Weekend,0.6,30.1,486,6780,30,0,0,1,57,0.600224189,Half1
finishing,Weekend,0.8,4.15,0,1260,0,0,0,0,7,0.313852814,Half2
finishing,Weekday,0.7,5.13,0,960,0,0,0,0,8,0.356458333,Half2
sewing,Weekday,0.7,29.12,1340,6960,63,0,0,0,58,0.750593103,Half2
sewing,Weekend,0.75,19.31,610,6480,56,0,0,0,54,0.787299691,Half1
finishing,Weekday,0.8,3.94,0,1440,0,0,0,0,8,0.951420455,Half1
finishing,Weekend,0.7,4.08,0,1620,0,0,0,0,9,0.858585859,Half2
finishing,Weekend,0.8,3.94,0,960,0,0,0,0,8,0.931645833,Half1
sewing,Weekday,0.7,28.08,872,6900,44,0,0,0,57.5,0.721126957,Half1
sewing,Weekday,0.8,22.52,265,3840,63,0,0,0,57,0.800470513,Half2
sewing,Weekday,0.7,30.1,1057,0,40,0,0,1,58,0.700603448,Half2
finishing,Weekday,0.8,4.3,0,1440,0,0,0,0,12,0.940625,Half2
sewing,Weekday,0.7,22.94,1510,10620,60,0,0,0,57,0.800302791,Half2
finishing,Weekday,0.8,4.6,0,1080,0,0,0,0,9,0.885925926,Half1
finishing,Weekend,0.8,3.94,0,6600,0,0,0,0,20,0.861679012,Half1
sewing,Weekday,0.75,29.4,551,6840,45,0,0,0,57,0.750473684,Half1
sewing,Weekday,0.75,18.79,912,3960,45,0,0,0,33,0.75065101,Half2
sewing,Weekend,0.5,26.82,711,7080,23,0,0,1,59,0.500033898,Half1
finishing,Weekday,0.8,3.94,0,960,0,0,0,0,8,0.697708333,Half1
sewing,Weekday,0.75,26.82,1079,7020,65,0,0,0,58,0.850446154,Half1
sewing,Weekday,0.75,22.52,1584,10260,69,0,0,0,57,0.80035194,Half2
finishing,Weekday,0.7,3.9,0,960,0,0,0,0,8,0.5565625,Half2
sewing,Weekday,0.7,14.89,1484,10260,50,0,0,0,57,0.700170388,Half2
finishing,Weekend,0.8,3.94,0,3600,0,0,0,0,20,0.925643939,Half1
sewing,Weekday,0.7,24.26,1167,6840,0,0,0,0,57,0.496549708,Half1
finishing,Weekday,0.5,3.9,0,960,0,0,0,0,8,0.560625,Half1
sewing,Weekday,0.7,14.89,1863,10260,50,0,0,0,57,0.700170388,Half2
finishing,Weekday,0.8,3.94,0,2160,0,0,0,0,18,0.966759259,Half1
finishing,Weekday,0.8,3.94,0,960,0,0,0,0,8,0.549791667,Half2
sewing,Weekday,0.8,29.12,1073,6960,50,0,0,0,58,0.799963218,Half1
sewing,Weekday,0.7,30.1,419,7080,0,0,0,1,59,0.637711864,Half1
sewing,Weekday,0.8,22.52,1175,6720,60,0,0,0,56,0.850532143,Half2
sewing,Weekday,0.75,29.4,1172,5340,45,0,0,2,60,0.750176991,Half2
sewing,Weekend,0.8,11.61,1216,6975,50,0,0,0,31,0.800030199,Half1
finishing,Weekday,0.8,2.9,0,1440,0,0,0,0,8,0.837594697,Half1
sewing,Weekend,0.8,28.08,805,10530,63,0,0,0,58.5,0.8,Half1
finishing,Weekday,0.8,3.94,0,960,0,0,0,0,8,0.927541667,Half2
sewing,Weekday,0.65,30.1,1193,7080,0,0,0,1,59,0.463403955,Half1
finishing,Weekday,0.8,2.9,0,1440,0,0,0,0,12,0.936861111,Half2
finishing,Weekday,0.8,2.9,0,1920,0,0,0,0,8,0.820833333,Half1
sewing,Weekend,0.75,18.79,1193,3960,45,0,0,0,33,0.75065101,Half1
finishing,Weekend,0.8,3.94,0,1440,0,0,0,0,8,0.817102273,Half1
sewing,Weekday,0.8,29.4,1231,4680,50,0,0,0,57,0.800149813,Half1
finishing,Weekday,0.6,2.9,0,960,0,0,0,0,8,0.759270833,Half1
sewing,Weekday,0.65,18.22,741,0,0,8,35,1,49,0.302117347,Half2
finishing,Weekend,0.8,3.94,0,1800,0,0,0,0,10,0.980909091,Half2
sewing,Weekend,0.6,22.94,865,6570,23,0,0,0,56.5,0.77011398,Half2
sewing,Weekday,0.75,26.82,1574,7080,75,0,0,0,59,0.900061017,Half1
finishing,Weekday,0.75,5.13,0,960,0,0,0,0,8,0.656666667,Half2
finishing,Weekday,0.7,4.15,0,2700,0,0,0,0,9,0.470769231,Half2
sewing,Weekday,0.8,26.16,1092,10620,63,0,0,0,59,0.800117103,Half1
finishing,Weekday,0.75,3.94,0,2160,0,0,0,0,18,0.593055556,Half1
sewing,Weekend,0.7,23.54,1109,6720,0,0,0,0,56,0.388830357,Half2
finishing,Weekday,0.8,2.9,0,4320,0,0,0,0,18,0.785864198,Half2
sewing,Weekday,0.75,22.94,1871,6960,55,0,0,0,58,0.800263218,Half2
finishing,Weekday,0.7,2.9,0,960,0,0,0,0,8,0.495416667,Half1
sewing,Weekday,0.8,26.16,1073,10620,75,0,0,0,59,0.850502311,Half1
sewing,Weekday,0.5,14.89,917,9900,30,0,0,0,55,0.500025069,Half2
finishing,Weekend,0.8,4.08,0,1080,0,0,0,0,9,0.899111111,Half1
finishing,Weekend,0.6,3.94,0,1200,0,0,0,0,10,0.971866667,Half2
sewing,Weekday,0.8,30.1,964,5160,50,0,0,1,58,0.800842424,Half1
sewing,Weekday,0.75,18.79,895,3960,0,0,0,0,33,0.75065101,Half2
sewing,Weekend,0.8,11.41,1140,5490,63,0,0,0,30.5,0.800343766,Half2
finishing,Weekday,0.7,4.15,0,3000,0,0,0,0,25,0.915766667,Half1
sewing,Weekend,0.8,15.26,1120,1440,50,0,0,0,34,0.800806306,Half2
sewing,Weekday,0.8,26.16,399,10620,63,0,0,0,59,0.800117103,Half2
sewing,Weekday,0.65,23.69,861,7200,0,0,0,0,60,0.52118,Half1
finishing,Weekday,0.8,4.08,0,1080,0,0,0,0,9,0.891555556,Half2
sewing,Weekday,0.8,22.52,1268,0,88,0,0,0,56,0.90063244,Half1
finishing,Weekend,0.6,4.15,0,1440,0,0,0,0,8,0.852793561,Half2
sewing,Weekday,0.8,19.87,924,9900,50,0,0,0,55,0.800273829,Half1
sewing,Weekend,0.7,30.1,507,5880,40,2,10,1,59,0.700573099,Half2
sewing,Weekend,0.8,11.61,1181,5760,63,0,0,0,32,0.800386364,Half2
sewing,Weekday,0.8,11.61,1072,5760,50,0,0,0,32,0.800386364,Half2
sewing,Weekday,0.75,28.08,1144,10530,69,0,0,0,58.5,0.8,Half1
finishing,Weekday,0.8,4.6,0,960,0,0,0,0,8,0.930416667,Half1
sewing,Weekend,0.8,25.9,1292,10170,50,0,0,0,56.5,0.800128721,Half2
sewing,Weekday,0.6,22.52,1859,10260,23,0,0,0,57,0.60041361,Half2
sewing,Weekday,0.8,15.26,1069,4080,63,0,0,0,34,0.800401961,Half1
sewing,Weekday,0.7,18.79,2984,3960,30,0,0,0,33,0.700354545,Half1
sewing,Weekday,0.8,22.52,340,5460,63,0,0,0,56.5,0.800434622,Half1
sewing,Weekend,0.75,18.79,841,6240,45,0,0,1,52,0.750395513,Half2
sewing,Weekend,0.8,30.1,644,840,38,0,0,1,59,0.799982853,Half2
sewing,Weekend,0.8,22.52,1472,7020,60,0,0,0,58.5,0.85011396,Half1
sewing,Weekend,0.7,30.1,1041,8160,33,0,0,2,58,0.626577778,Half2
finishing,Weekday,0.7,2.9,0,960,0,0,0,0,8,0.9425,Half1
finishing,Weekday,0.35,4.15,0,1800,0,0,0,0,15,0.707111111,Half1
sewing,Weekday,0.8,30.1,756,6960,63,0,0,1,58,0.800071839,Half1
sewing,Weekday,0.75,18.79,708,4080,0,0,0,0,34,0.612517157,Half1
sewing,Weekday,0.8,19.87,941,9900,0,0,0,0,55,0.800273829,Half1
sewing,Weekday,0.7,20.4,1404,10440,50,0,0,0,58,0.750344828,Half2
finishing,Weekend,0.7,3.94,0,2160,0,0,0,0,18,0.892194444,Half1
sewing,Weekday,0.5,30.1,1025,6960,23,0,0,1,58,0.500801724,Half1
finishing,Weekday,0.75,2.9,0,960,0,0,0,0,8,0.628333333,Half1
finishing,Weekend,0.8,4.15,0,6600,0,0,0,0,20,0.988024691,Half1
sewing,Weekday,0.8,30.1,735,6960,63,0,0,1,58,0.800071839,Half1
sewing,Weekend,0.7,22.94,1682,10530,75,0,0,0,58.5,0.800909609,Half2
finishing,Weekend,0.8,2.9,0,960,0,0,0,0,8,0.628333333,Half1
finishing,Weekday,0.8,3.94,0,1200,0,0,0,0,10,0.99485,Half1
finishing,Weekday,0.8,4.15,0,900,0,0,0,0,5,0.515606061,Half1
sewing,Weekday,0.75,20.2,402,3120,45,0,0,0,33,0.750212553,Half1
finishing,Weekday,0.8,3.94,0,1920,0,0,0,0,8,0.961059028,Half1
finishing,Weekend,0.7,4.15,0,1800,0,0,0,0,15,0.840888889,Half1
sewing,Weekend,0.75,19.87,944,6600,45,0,0,0,55,0.75024303,Half1
finishing,Weekday,0.75,3.94,0,1200,0,0,0,0,10,0.788,Half2
sewing,Weekend,0.5,12.52,749,9540,38,0,0,0,53,0.673245283,Half1
finishing,Weekday,0.8,3.94,0,1200,0,0,0,0,10,0.840533333,Half2
sewing,Weekday,0.8,11.41,1028,4380,50,0,0,0,31,0.800358775,Half2
sewing,Weekday,0.7,27.48,230,6960,40,0,0,0,58,0.700424138,Half1
sewing,Weekday,0.8,22.52,1559,6840,90,0,0,0,57,1.000230409,Half2
sewing,Weekend,0.75,22.52,1266,10260,69,0,0,0,57,0.80035194,Half2
finishing,Weekend,0.75,3.94,0,1440,0,0,0,0,8,0.578314394,Half2
sewing,Weekday,0.8,25.9,1177,8970,60,0,0,0,56.5,0.850415628,Half2
sewing,Weekday,0.7,42.41,724,10260,0,0,0,0,57,0.233705476,Half1
sewing,Weekday,0.8,22.52,1063,6840,100,0,0,0,57,0.950185965,Half1
sewing,Weekday,0.8,11.41,338,3420,50,0,0,0,58,0.800034503,Half1
sewing,Weekday,0.8,25.9,1031,10170,60,0,0,0,56.5,0.850136766,Half1
sewing,Weekday,0.75,19.87,733,6000,34,0,0,0,55,0.753097531,Half1
sewing,Weekday,0.7,16.1,817,5520,30,0,0,1,45,0.700516224,Half1
finishing,Weekend,0.65,3.9,0,1920,0,0,0,0,8,0.528125,Half1
sewing,Weekday,0.8,22.52,1452,6960,100,0,0,0,58,0.949981609,Half1
sewing,Weekday,0.35,30.1,842,6960,0,0,0,1,58,0.350301724,Half1
finishing,Weekend,0.7,3.94,0,240,0,0,0,0,2,0.971866667,Half2
finishing,Weekday,0.65,3.94,0,2400,0,0,0,0,8,0.505128205,Half2
finishing,Weekend,0.75,4.15,0,1800,0,0,0,0,10,0.896022727,Half2
sewing,Weekday,0.7,21.25,1583,6000,0,0,0,1,50,0.417916667,Half2
sewing,Weekday,0.7,21.82,1576,6000,30,0,0,0,50,0.700422,Half1
sewing,Weekend,0.8,26.16,1383,10620,75,0,0,0,59,0.850502311,Half1
sewing,Weekday,0.8,25.9,1211,10260,60,0,0,0,57,0.850252525,Half1
sewing,Weekday,0.5,30.1,417,6360,23,0,0,1,53,0.500720126,Half1
finishing,Weekday,0.8,2.9,0,1440,0,0,0,0,8,0.793844697,Half2
sewing,Weekday,0.7,30.48,923,6840,30,0,0,1,57,0.700505263,Half1
sewing,Weekend,0.7,21.82,1335,6000,30,0,0,0,50,0.700422,Half1
finishing,Weekday,0.75,3.94,0,960,0,0,0,0,8,0.881575,Half1
finishing,Weekday,0.8,2.9,0,2400,0,0,0,0,8,0.594871795,Half2
sewing,Weekday,0.8,22.52,1546,0,88,0,0,0,57,0.90047076,Half1
finishing,Weekday,0.75,4.6,0,3360,0,0,0,0,8,0.773333333,Half1
sewing,Weekend,0.7,30.33,254,1800,0,0,0,0,58,0.683550607,Half1
sewing,Weekend,0.7,50.89,282,5880,56,0,0,0,59,0.656763743,Half2
finishing,Weekday,0.75,3.94,0,1320,0,0,0,0,11,0.919954545,Half1
finishing,Weekday,0.65,4.15,0,960,0,0,0,0,8,0.877552083,Half2
sewing,Weekend,0.8,30.1,1278,3360,50,0,0,1,57,0.800511068,Half1
sewing,Weekend,0.7,20.1,1192,6120,75,0,0,0,54,0.700508929,Half1
sewing,Weekend,0.8,22.52,1432,6660,88,0,0,0,57.5,0.900537069,Half2
sewing,Weekday,0.75,16.1,971,5400,45,0,0,1,45,0.75014074100000006,Half1
